32, 5, Average, 4, 0, insert insert insert, replace, insert, replace, insert, 
32, 9, Average, 4, 4, insert insert insert insert insert, insert, delete delete delete delete, insert insert replace, delete, insert replace, replace replace, insert insert, delete replace replace replace, 
32, 7, Average, 4, 10, insert, delete replace, replace, insert, replace replace, insert replace replace, replace, 
32, 6, Average, 3, 11, insert insert insert insert insert, delete delete, insert, delete delete delete replace, insert, delete replace, 
32, 7, Average, 4, 12, insert insert insert insert insert insert insert insert insert, replace, replace replace replace, replace replace replace replace replace, delete delete delete delete, replace, insert insert, 
32, 17, Average, 4, 13, insert, replace, insert replace, replace, replace replace, replace, insert replace, replace, replace replace, insert replace replace, replace, replace replace replace replace, replace replace, replace, replace replace replace, replace replace replace replace, replace, 
32, 4, Average, 4, 14, insert insert insert insert insert, insert, replace replace replace replace, replace, 
32, 11, Average, 4, 21, insert, replace, insert replace, replace, insert replace, insert insert, delete delete replace replace replace, delete, insert, replace replace replace, replace, 
32, 8, Average, 4, 29, insert, replace, insert replace, replace, insert, replace, replace replace replace, insert insert insert replace replace replace, 
32, 4, Average, 4, 30, insert insert insert, insert, insert insert, replace, 
32, 14, Average, 4, 32, insert, replace, insert, replace, replace replace, replace, replace replace, insert, replace, replace replace, delete, insert replace replace, replace replace, insert, 
32, 9, Average, 4, 36, insert, replace, insert replace, replace, replace replace, replace, replace replace, replace, insert replace, 
32, 4, Average, 4, 42, insert, replace, insert replace, replace, 
32, 5, Average, 4, 43, insert insert insert insert insert, delete, insert replace, delete replace replace, replace, 
32, 4, Average, 4, 44, insert insert insert insert insert insert insert insert insert, delete delete delete delete, replace, insert insert replace, 
32, 4, Average, 4, 45, insert insert insert insert insert, insert, delete delete replace, replace, 
32, 7, Average, 4, 46, insert, replace, insert replace, insert, delete replace replace replace, replace, insert, 
32, 19, Average, 2, 48, insert insert insert insert insert insert insert, replace replace replace, replace, delete delete replace, insert insert, delete delete, replace, insert, replace, delete, replace, insert, replace, insert, replace, delete replace, insert replace, replace replace, replace, 
32, 6, Average, 4, 50, insert, delete replace, replace, insert replace, delete delete replace, insert, 
32, 7, Average, 4, 62, insert insert insert, insert, replace replace, delete replace replace, replace replace, insert replace replace, insert replace replace replace, 
32, 7, Average, 4, 66, insert insert insert insert insert insert insert insert insert, delete replace replace replace replace, replace, replace replace, replace, replace replace replace replace, replace, 
32, 7, Average, 4, 67, insert insert insert, replace, replace replace, insert, replace replace replace, replace, replace replace replace, 
32, 2, Average, 2, 68, insert insert insert insert insert, insert, 
32, 5, Average, 4, 69, insert insert insert, replace, insert, replace replace, replace, 
32, 6, Average, 4, 70, insert insert insert insert insert, delete delete replace, insert insert, delete insert, replace replace, insert, 
32, 7, Average, 4, 74, insert, replace, insert, replace, insert replace, replace replace, delete replace, 
32, 2, Average, 4, 79, insert insert insert insert insert insert insert, delete, 
32, 34, Average, 3, 84, insert, replace, delete delete delete delete, insert, delete replace replace, replace, insert replace, replace, insert insert insert, replace, delete delete delete delete delete, insert, replace, delete delete delete delete replace, insert, replace, insert, replace, replace replace replace, replace, insert, delete, replace, replace replace, delete, insert, replace, delete, replace, delete, insert replace, delete, insert, replace, 
32, 7, Average, 4, 87, insert, replace, insert, replace replace, delete delete replace, insert replace, insert, 
32, 9, Average, 4, 90, insert, replace, insert replace, replace, replace replace, replace, replace replace, insert replace replace, insert, 
IU, 2, Average, 1, 96, insert, replace, 
IU, 3, Average, 3, 97, insert insert insert, replace replace, insert, 
IU, 1, Average, 4, 98, insert insert insert insert insert, 
IU, 4, Average, 3, 105, insert insert insert insert insert insert insert insert insert, delete delete, replace replace replace, delete replace, 
IU, 6, Average, 4, 111, insert insert insert insert insert insert insert insert insert, replace, replace replace replace, delete delete replace, insert, delete, 
IU, 3, Average, 4, 125, insert, replace, insert insert insert insert replace, 
IU, 3, Average, 4, 126, insert insert insert, replace replace, insert, 
IU, 4, Average, 3, 127, insert, replace, insert replace, insert, 
IU, 5, Average, 4, 135, insert, replace, insert insert, replace replace, insert replace, 
IU, 2, Average, 4, 141, insert insert insert insert insert, insert, 
IU, 4, Average, 4, 147, insert, replace, insert, replace, 
IU, 4, Average, 4, 149, insert insert insert insert insert, insert insert replace, replace, delete replace replace replace replace, 
IU, 9, Average, 4, 150, insert insert insert insert insert insert insert insert insert, delete delete, insert, insert replace replace, insert replace replace replace, delete replace replace replace, insert replace replace replace, delete replace replace replace, insert replace replace replace, 
IU, 2, Average, 4, 153, insert insert insert insert insert insert insert insert insert, replace replace replace replace, 
IU, 12, Average, 4, 161, insert, replace, insert replace, replace, replace replace, replace, replace replace, replace, replace replace, insert, replace replace replace, replace replace, 
IU, 7, Average, 4, 165, insert, replace, replace replace, insert replace replace, replace replace replace, replace replace, insert insert, 
IU, 9, Average, 4, 166, insert insert insert, replace, insert replace, delete replace, replace, replace replace, insert replace replace, replace, insert replace replace, 
IU, 2, Average, 3, 171, insert insert insert insert insert, delete, 
IU, 1, Average, 1, 174, insert insert insert insert insert, 
IU, 3, Average, 4, 181, insert insert insert insert insert insert insert insert insert, delete delete, insert insert insert insert insert insert, 
IU, 6, Average, 4, 182, insert, replace, insert insert, insert, delete delete delete replace, replace replace, 
IU, 7, Average, 4, 184, insert insert insert, replace, replace replace, insert replace replace, replace, replace replace replace, insert replace replace replace, 
IU, 6, Average, 4, 185, insert, replace, insert insert insert insert replace, delete delete delete, replace, replace replace, 
IU, 2, Average, 4, 194, insert, replace replace, 
32, 34, Median, 4, 1, insert, replace, insert replace, replace, replace replace, replace, replace replace, replace, replace replace, replace, insert replace replace, replace, replace replace, replace, replace replace, replace, replace replace, replace, replace replace, replace, replace replace replace, replace, replace replace replace, replace, replace replace, replace, replace replace, replace, replace replace replace, replace, replace replace replace, replace, insert, replace, 
32, 9, Median, 4, 3, insert, replace, insert, replace, delete, replace, insert insert insert insert insert, replace, replace replace replace replace, 
32, 18, Median, 2, 5, insert, delete delete, replace, replace replace, replace, insert replace replace, replace, replace replace, insert replace replace, delete replace replace, replace, replace replace, replace, replace replace replace, insert, replace, replace replace replace, replace, 
32, 8, Median, 2, 7, insert insert insert insert insert, insert, delete delete replace replace, replace replace, insert, delete delete replace replace, insert, replace, 
32, 4, Median, 4, 8, insert insert insert, insert, replace, insert replace, 
32, 22, Median, 4, 9, insert, replace, insert insert, insert, replace replace replace, insert replace replace replace replace, replace, delete replace, insert replace replace, replace replace replace, delete insert, replace replace replace replace, delete replace replace replace, replace replace replace, insert insert, delete delete replace replace replace, replace replace, insert, replace, delete delete delete replace, insert insert, replace replace, 
32, 138, Median, 2, 15, insert, delete, insert insert, insert, replace, delete delete delete delete delete, insert, insert insert, delete, insert, delete delete delete delete delete delete replace, replace, insert, delete delete delete delete, insert, delete delete delete delete replace, insert, delete delete delete delete delete delete delete replace, insert, replace, insert, delete delete delete delete delete replace, insert, insert insert, delete, insert insert, insert, delete delete delete delete delete delete delete delete delete delete delete replace, delete, insert, delete delete delete delete replace, delete, insert, delete replace, insert, delete delete replace, replace, insert, replace, delete replace replace, insert, replace, insert, replace, delete, insert, replace, insert, replace, delete delete delete, insert, replace, insert, replace, insert, replace, delete, replace, replace replace, replace, insert, replace, insert, replace, delete delete delete delete replace replace, insert insert, delete, insert, replace, insert insert, replace, insert, delete delete delete delete delete replace, insert insert, replace, delete delete replace, insert insert, replace replace, insert insert, insert insert insert, delete delete delete delete delete delete replace, replace, delete delete, insert, replace, insert replace, replace, replace replace, replace, insert, replace, delete delete delete delete replace, insert, delete, insert, replace, delete delete, replace, insert, delete delete replace replace, insert insert, replace, replace replace, insert, replace, delete delete delete replace replace, insert, replace, insert, replace, delete delete replace, delete, insert replace, insert, replace, delete delete delete replace replace, insert insert, insert, replace, delete replace, replace, insert, replace, replace replace, replace, replace replace, replace, insert, replace, delete delete replace, replace, replace replace replace replace, replace, replace replace, replace, replace replace, replace replace replace, replace, 
32, 18, Median, 2, 16, insert, replace, insert replace, replace, insert, delete replace, insert, replace, delete, replace, delete, replace replace, insert, replace, delete replace, insert replace, replace, insert, 
32, 25, Median, 4, 18, insert, replace, insert replace, replace, replace replace, replace, delete replace, insert replace, replace, insert, replace, insert replace, replace, delete replace replace, replace, delete, replace, insert, replace, replace replace, replace, insert replace, replace, replace replace, insert replace replace, 
32, 52, Median, 4, 19, insert, replace, insert replace, replace, insert replace, replace, replace replace, replace, delete replace, replace, replace replace, replace, insert, replace, delete delete, replace, insert, replace, insert replace, replace, delete replace, replace, insert, replace, insert, delete delete, replace, insert, replace, insert, replace, delete, replace, insert, replace, insert replace, replace, replace replace, replace, replace replace, replace, delete delete delete delete, replace, insert replace, replace, replace replace, replace, insert insert insert replace replace, replace, delete delete delete, insert replace, replace, 
32, 8, Median, 2, 20, insert, replace, insert, replace, insert, delete delete delete replace, insert, delete delete replace replace replace, 
32, 17, Median, 4, 22, insert, replace, insert replace, replace, insert replace, replace replace, delete delete replace, insert, delete delete delete delete replace, insert, replace, delete delete delete replace, replace, insert, delete delete delete delete replace replace, replace, replace replace replace, 
32, 4, Median, 2, 23, insert, replace, insert replace, delete replace replace, 
32, 10, Median, 4, 28, insert insert insert, replace replace, replace, delete replace, insert replace, replace, insert, delete delete delete replace, replace replace, insert replace replace, 
32, 3, Median, 4, 33, insert insert insert insert insert, replace, insert, 
32, 6, Median, 4, 35, insert, replace, delete replace, insert, replace replace, replace, 
32, 14, Median, 4, 37, insert insert insert insert insert, replace, replace replace replace, insert replace, replace, delete, insert, replace, insert, delete delete replace, replace replace, replace, insert insert insert insert, insert, 
32, 21, Median, 4, 39, insert insert insert insert insert insert insert insert insert, delete, insert replace, insert replace replace, replace, delete delete, replace, insert, replace, delete, insert, delete delete replace, insert, replace, insert replace replace replace replace, insert, insert insert, delete delete delete delete delete delete replace, insert insert, delete replace replace, insert insert, 
32, 5, Median, 4, 40, insert, replace, insert, delete replace, insert, 
32, 9, Median, 3, 51, insert insert insert insert insert insert insert, replace, replace replace, replace, replace replace, replace, replace replace replace, replace replace, replace, 
32, 9, Median, 4, 52, insert insert insert insert insert insert insert, replace, replace replace, replace, replace replace, replace replace replace, replace, insert insert insert replace replace replace, delete, 
32, 11, Median, 4, 53, insert insert insert insert insert insert insert insert insert, insert, delete delete delete delete delete delete delete delete, replace, insert replace, delete replace, insert, replace, insert replace replace, replace, replace replace, 
32, 2, Median, 4, 54, insert insert insert insert insert, replace, 
32, 58, Median, 4, 55, insert insert insert insert insert, replace, insert, replace, delete replace replace, replace, replace replace, replace replace replace, replace, replace replace, replace, replace replace, replace, insert replace, replace, delete replace, insert, replace, replace replace, replace, replace replace, replace, replace replace, replace, insert, replace, replace replace replace, replace, delete, delete delete, insert, replace, delete replace replace, replace, insert insert, replace, delete delete replace replace, replace, insert, replace, insert, delete delete replace, insert, replace, insert, replace, replace replace, replace, delete delete delete, insert, insert replace, insert, insert insert, delete, insert insert, replace, delete, replace replace replace replace replace, 
32, 5, Median, 4, 56, insert insert insert insert insert insert insert insert insert, replace, insert replace, delete replace replace replace, insert, 
32, 20, Median, 4, 57, insert, replace, insert, insert replace, replace replace, replace replace replace, replace, replace replace replace, replace, delete replace replace, replace, insert insert, insert, delete replace, delete delete replace replace replace, insert insert insert insert insert insert replace replace, delete delete, replace replace, delete delete delete replace replace replace, replace, 
32, 27, Median, 2, 58, insert, replace, insert replace, replace, insert insert replace, insert insert insert insert insert insert insert insert replace replace replace, delete delete delete delete delete delete delete delete delete replace replace, replace, delete replace, replace, insert, replace, insert replace, replace, delete replace replace, replace, delete delete, insert insert, insert insert insert, delete delete replace, replace, delete delete delete replace, insert, replace, insert, replace, insert, 
32, 217, Median, 4, 59, insert, replace, insert replace, replace, insert insert insert replace, delete delete delete replace replace, replace replace, insert insert replace, insert, replace replace replace replace replace, delete insert insert insert insert, delete delete delete delete delete delete delete replace, replace, insert insert insert insert replace, replace replace replace replace replace, insert, delete delete delete delete replace, replace, insert replace replace, replace replace, replace, replace replace, delete replace, insert replace, delete replace, replace, insert replace replace, replace replace, insert replace replace, replace, delete, insert insert, insert, delete delete delete delete delete, replace, replace replace, replace, replace replace, replace, delete insert insert, replace, insert insert, replace, delete delete replace replace replace, delete delete replace, replace replace, insert, replace, insert, replace, delete delete replace, insert, delete delete delete delete delete, insert, replace, delete replace, replace, insert, delete delete delete delete delete, insert, replace, delete delete delete, insert, delete delete delete replace, insert, replace replace replace, delete replace replace replace, replace, replace replace replace, insert replace, replace replace, replace, insert insert replace replace replace, replace replace replace replace replace replace, delete delete delete replace replace, replace, insert, delete replace, insert, insert insert, delete replace replace replace replace, insert, replace, delete delete replace replace replace, replace, delete replace, insert, replace, replace replace replace, replace, replace replace, replace, replace replace replace, replace, replace replace, replace, replace replace, replace, delete replace, replace, insert, replace replace, replace, replace replace, replace, delete delete, replace, replace replace, insert insert, replace, replace replace, replace, delete delete, insert insert, replace replace, replace, replace replace replace, replace, replace replace, replace, replace replace, replace, replace replace, replace, replace replace, replace, replace replace, replace, insert insert insert replace replace replace replace, insert, insert insert insert insert, delete delete delete delete delete delete delete delete delete delete replace replace, insert, replace, insert replace, replace, replace replace, replace, replace replace, replace, replace replace, replace, delete, insert, replace, insert insert, replace, insert, replace replace replace replace, replace, delete replace replace, delete, replace, delete replace, insert, delete replace, insert replace, replace, replace replace, replace, insert insert, replace, replace replace, replace, replace replace, insert, replace, insert, delete, insert, delete delete replace replace replace replace replace replace, delete delete delete replace replace, insert, replace replace, replace, delete replace replace, insert, replace, insert insert, delete delete delete delete delete delete replace replace, replace, insert replace, delete, replace, insert insert, replace, insert replace, insert, insert insert replace replace replace, delete delete delete delete, replace, insert insert replace replace replace, replace, replace replace, replace, replace replace, replace, delete delete delete replace, insert, replace replace, insert insert replace replace replace replace, replace replace replace replace replace replace, replace, replace replace replace, replace, delete replace replace replace replace, insert, delete replace replace replace replace replace, replace, insert replace replace replace replace, delete delete replace replace replace replace, replace replace, replace, replace replace replace replace, replace, delete replace, replace, 
32, 5, Median, 4, 61, insert insert insert, insert, delete replace replace, replace, insert, 
32, 11, Median, 3, 65, insert, replace, insert replace, insert, insert insert, insert, delete delete delete delete delete replace, insert insert, replace replace replace, insert, replace replace replace, 
32, 9, Median, 4, 69, insert insert insert insert insert insert insert insert insert insert insert insert insert insert insert insert insert, delete delete delete delete delete delete delete delete replace, replace, insert insert replace, delete delete replace, insert insert, replace replace replace, insert, replace replace replace replace, 
32, 94, Median, 3, 71, insert, replace, insert, replace, replace replace, delete, insert, replace, insert, replace, delete replace replace, replace, replace replace, replace, replace replace, replace, insert replace, delete, replace, insert replace, replace, replace replace replace, replace, replace replace, delete replace replace, insert, replace, delete, insert, replace, delete replace replace, replace replace, insert, replace, delete delete, insert, replace, insert, delete delete delete delete replace replace, replace, insert, replace, delete, insert, replace, delete replace, insert, replace, insert, delete replace, replace, delete replace, insert, replace, insert replace, replace, delete, insert, replace, delete, insert, replace, delete replace, delete, insert, replace, delete replace, delete, replace, replace replace, insert, replace, delete replace, replace, replace replace replace, replace, insert, replace, delete replace replace, insert, insert insert insert, delete delete delete, insert, replace, delete replace, insert, replace, delete delete delete, insert, replace, delete delete replace replace replace, replace, insert, replace, 
32, 12, Median, 4, 72, insert, delete delete delete replace, insert, replace, insert replace, delete delete delete replace, insert, insert insert insert, delete insert, insert, delete delete delete delete delete replace, insert, 
32, 29, Median, 4, 73, insert insert insert insert insert, replace, replace replace, replace, delete delete replace, insert insert, delete replace, replace, delete replace, insert, replace, insert replace, delete replace, replace, replace replace, insert, replace, delete, insert, replace, replace replace replace, replace, replace replace, replace, insert insert replace replace, replace, delete delete replace replace, replace, insert, 
32, 7, Median, 4, 75, insert insert insert insert insert insert insert insert insert, delete delete replace, replace, replace replace replace, replace replace, insert, replace replace, 
32, 8, Median, 2, 76, insert, replace, insert replace, replace, insert replace, replace replace, delete, replace replace, 
32, 18, Median, 4, 77, insert insert insert insert insert insert insert insert insert, replace, replace replace, delete delete delete replace, insert, replace, insert replace replace, replace, insert, delete delete delete delete, replace, insert, replace, insert replace replace, replace, insert, replace, insert, 
32, 24, Median, 4, 80, insert, replace, insert replace, insert, insert insert, delete delete replace replace, delete replace, insert, delete delete, replace replace, insert, delete delete delete replace, insert, insert insert, delete delete delete replace replace replace, delete delete, insert, insert insert, delete delete delete, delete delete, insert, delete delete delete, replace replace, insert, 
32, 6, Median, 4, 81, insert, insert insert insert, delete delete replace, insert insert insert insert insert insert replace, delete replace replace replace replace replace replace replace, delete delete delete delete replace replace, 
32, 2, Median, 1, 83, insert insert insert insert insert insert insert insert insert, delete, 
32, 16, Median, 4, 85, insert insert insert insert insert insert insert insert insert, delete, insert, replace, insert replace, delete, replace, insert replace, replace, insert replace, insert, delete delete delete delete replace, replace, replace replace replace, delete, insert insert replace replace, 
32, 13, Median, 4, 86, insert, replace, insert, replace, insert replace, replace, delete, delete replace, insert, insert replace replace replace, insert, delete, replace, 
IU, 2, Median, 1, 94, insert, replace, 
IU, 1, Median, 4, 95, insert insert insert insert insert insert insert insert insert, 
IU, 4, Median, 3, 99, insert insert insert insert insert insert insert insert insert, replace, replace replace replace, replace, 
IU, 3, Median, 4, 106, insert insert insert insert insert insert insert insert insert, delete insert, insert, 
IU, 2, Median, 1, 108, insert, replace, 
IU, 2, Median, 1, 109, insert insert insert insert insert insert insert insert insert insert, replace replace replace replace replace, 
IU, 9, Median, 2, 110, insert insert insert, replace, insert replace, replace, replace replace, replace, delete replace, insert, replace, 
IU, 9, Median, 4, 114, insert insert insert, insert, delete replace replace replace, delete replace replace, insert insert replace replace, delete delete, replace replace, replace replace replace, replace replace, 
IU, 3, Median, 4, 115, insert insert insert insert insert, insert insert, insert, 
IU, 14, Median, 3, 117, insert insert insert, insert, delete delete delete delete, insert, delete replace replace replace, insert, delete replace, insert, delete delete delete replace, insert, delete delete delete replace, insert, delete replace replace, replace, 
IU, 4, Median, 3, 119, insert insert insert insert insert insert insert insert insert, insert, delete delete delete delete replace replace, insert, 
IU, 9, Median, 3, 124, insert insert insert insert insert, insert, delete delete delete, delete, insert insert insert insert insert, insert, delete delete delete delete replace, replace replace, replace replace replace, 
IU, 7, Median, 3, 132, insert insert insert insert insert, insert, delete delete replace replace, replace, replace replace replace, replace, replace replace, 
IU, 1, Median, 1, 136, insert, 
IU, 2, Median, 1, 140, insert, replace, 
IU, 13, Median, 2, 151, insert insert insert insert insert, replace, insert insert, delete, delete replace replace, insert, replace replace replace replace, delete replace, replace, insert, replace, replace replace, replace replace replace replace, 
IU, 2, Median, 3, 158, insert insert insert insert insert insert insert insert insert, delete, 
IU, 2, Median, 2, 167, insert insert insert insert insert, insert, 
IU, 5, Median, 3, 168, insert insert insert insert insert insert insert insert insert, delete delete, delete, insert replace, replace replace, 
IU, 1, Median, 1, 172, insert, 
IU, 1, Median, 3, 175, insert insert insert insert insert insert insert insert insert insert, 
IU, 3, Median, 3, 177, insert insert insert insert insert insert insert insert insert, delete delete replace replace, replace replace replace, 
IU, 3, Median, 2, 186, insert insert insert insert insert insert insert insert insert, delete, insert replace, 
32, 23, SumParityBool, 4, 3, insert insert insert insert insert insert insert insert insert, replace replace replace replace, replace replace replace replace replace, replace replace replace replace, replace replace replace replace replace, delete delete delete replace replace, delete, insert insert replace, insert, delete insert insert insert replace, insert, delete delete delete delete delete replace, replace replace, delete replace, insert insert, delete replace, replace, delete replace, replace, insert replace, replace, replace replace, replace, 
32, 14, SumParityBool, 4, 5, insert insert insert insert insert, replace, delete, insert, delete delete, replace, insert, delete delete delete replace, insert, delete delete replace, replace replace, insert, delete delete delete delete delete, replace, 
32, 5, SumParityBool, 1, 9, insert, replace, insert, replace replace replace replace, delete, 
32, 5, SumParityBool, 4, 10, insert, replace, insert replace, replace, insert, 
32, 5, SumParityBool, 4, 15, insert, delete delete delete delete delete, replace, insert, replace, 
32, 18, SumParityBool, 2, 17, insert, insert insert insert, insert, delete delete delete delete, insert, replace replace, insert, delete, replace, insert, insert insert insert insert replace, insert, insert insert, insert, delete delete delete delete delete delete delete delete delete delete delete delete replace replace replace, insert replace, insert, delete delete delete delete delete replace, 
32, 15, SumParityBool, 4, 21, insert, replace, insert replace, replace, delete replace, insert replace, replace, replace replace, insert, replace, insert, replace, delete delete delete replace, insert insert insert insert insert insert, insert, 
32, 4, SumParityBool, 4, 23, insert, replace, insert replace, replace, 
32, 12, SumParityBool, 4, 28, insert insert insert insert insert, delete delete, replace, insert insert replace, delete, replace replace, replace, replace replace, insert insert, insert, delete delete delete delete replace, replace, 
32, 8, SumParityBool, 4, 29, insert, replace, insert replace, replace, replace replace, replace, replace replace, insert, 
32, 19, SumParityBool, 4, 30, insert insert insert insert insert insert insert insert insert insert insert, replace, replace replace replace, delete replace, replace, insert, delete, replace, replace replace, replace, insert, delete delete delete delete delete, replace, insert replace, replace, replace replace, replace, delete replace, insert, 
32, 27, SumParityBool, 4, 32, insert insert insert insert insert, replace, insert, insert insert, delete delete delete delete replace, insert, replace replace, replace, insert replace, replace replace, replace, replace replace replace, replace, replace replace replace, replace replace, insert insert, replace replace, delete delete replace replace, replace replace replace, replace, replace replace, replace replace replace, delete delete, replace, insert replace, replace replace, replace, 
32, 5, SumParityBool, 4, 33, insert insert insert insert insert insert insert, delete replace, insert, delete delete delete delete delete delete replace, insert, 
32, 9, SumParityBool, 4, 35, insert, replace, insert replace, replace, replace replace, delete replace, insert replace, insert insert replace replace, insert, 
32, 3, SumParityBool, 4, 37, insert insert insert, insert, replace, 
32, 58, SumParityBool, 4, 40, insert insert insert insert insert insert insert insert insert, delete delete delete delete replace, insert insert replace, replace replace replace, delete delete replace, replace, insert, replace, insert, delete replace replace replace replace replace, insert, delete delete delete delete delete replace, insert insert insert insert insert insert replace, delete delete delete delete delete delete replace, insert insert insert insert insert replace, delete delete delete delete delete replace, insert insert insert replace, insert, delete delete delete delete replace, insert insert insert insert replace, replace, delete delete delete delete replace, insert insert insert insert replace, delete replace replace replace, insert, delete delete delete delete replace, insert insert insert insert replace, insert, replace, delete delete, insert, delete delete delete delete replace, insert insert insert insert replace, replace, delete delete delete replace, replace replace, replace, insert, delete delete delete replace, insert insert insert replace, insert, delete delete delete delete replace, insert insert insert insert replace, replace, delete, replace, delete, delete delete replace, insert insert insert replace, replace, insert, delete delete delete delete delete replace replace, insert, insert insert, delete, insert insert, delete delete delete delete delete delete delete replace, insert, 
32, 10, SumParityBool, 4, 45, insert, insert insert, insert, delete, delete replace replace, insert, delete delete delete delete, replace, insert, replace, 
32, 3, SumParityBool, 4, 47, insert, replace, insert, 
32, 8, SumParityBool, 4, 48, insert insert insert insert insert insert insert insert insert, replace, delete, delete delete delete replace, insert insert insert replace, insert, delete, replace, 
32, 10, SumParityBool, 3, 50, insert, replace, insert replace, replace, replace replace, replace, insert replace, replace, insert replace, replace, 
32, 9, SumParityBool, 1, 51, insert insert insert insert insert insert insert, insert, delete delete delete, replace replace, replace, insert, replace, insert, insert insert insert insert, 
32, 6, SumParityBool, 4, 53, insert, replace, delete, replace, insert replace, replace, 
32, 5, SumParityBool, 3, 56, insert insert insert insert insert insert insert insert insert insert, replace, replace replace, replace, delete insert, 
32, 3, SumParityBool, 4, 61, insert insert insert insert insert insert insert insert insert, delete delete delete delete, insert, 
32, 11, SumParityBool, 4, 62, insert, delete delete delete replace, replace, replace replace, replace, insert, delete delete delete, delete, insert, delete delete replace, replace, 
32, 9, SumParityBool, 4, 65, insert insert insert insert insert insert insert insert insert, replace replace, delete delete delete delete, replace, insert replace, insert, replace, insert, replace, 
32, 4, SumParityBool, 4, 69, insert insert insert insert insert, delete delete replace, replace, insert replace, 
32, 12, SumParityBool, 4, 70, insert insert insert insert insert, replace replace, replace replace replace, delete delete, replace, insert insert, delete delete replace, replace, insert replace, replace, replace replace, replace, 
32, 9, SumParityBool, 4, 72, insert insert insert insert insert, replace, insert insert insert insert, delete delete, delete, insert insert, replace, replace replace replace replace, insert, 
32, 10, SumParityBool, 4, 76, insert insert insert, replace, insert replace, replace, delete delete replace, replace, insert replace, replace, insert replace, replace, 
32, 11, SumParityBool, 4, 77, insert insert insert insert insert insert insert insert insert, replace, delete delete delete replace, delete replace, replace, insert replace, replace, insert, replace, insert insert replace replace replace, replace, 
32, 1, SumParityBool, 2, 78, insert insert insert insert insert, 
32, 26, SumParityBool, 4, 80, insert, replace, insert insert replace, insert, replace replace replace, delete delete replace, insert insert replace replace, insert, insert insert, delete delete delete delete replace, replace replace, insert, delete delete, delete, insert insert, replace replace replace, replace replace, replace, replace replace, replace, delete delete, replace, insert replace, replace, replace replace, replace, 
32, 2, SumParityBool, 4, 83, insert insert insert insert insert insert insert insert insert, delete, 
32, 14, SumParityBool, 3, 84, insert insert insert insert insert, replace, insert replace, replace replace, delete replace, replace, insert replace, replace, insert replace, replace, delete replace replace, replace, delete replace, replace, 
32, 12, SumParityBool, 4, 86, insert, replace, insert replace, insert, delete replace, insert, delete replace, replace, insert, replace, delete, insert insert, 
32, 7, SumParityBool, 4, 87, insert insert insert, insert, delete delete delete replace, replace, insert, delete delete delete delete delete replace, insert, 
IU, 4, SumParityBool, 3, 103, insert insert insert, insert, delete delete delete, replace, 
IU, 7, SumParityBool, 3, 110, insert insert insert insert insert, replace, replace replace, delete replace, replace, delete replace, replace, 
IU, 13, SumParityBool, 4, 111, insert insert insert insert insert insert insert insert insert, replace, delete insert replace replace, delete delete delete delete, replace, insert, replace, delete replace, insert replace, replace, replace replace, insert replace replace, insert, 
IU, 7, SumParityBool, 1, 119, insert insert insert insert insert insert insert insert insert, insert, delete delete delete delete delete delete replace, replace, insert, delete delete delete replace replace, insert, 
IU, 8, SumParityBool, 2, 135, insert insert insert insert insert insert insert, delete replace replace, replace replace, insert replace replace, replace replace replace, replace, replace replace replace, insert, 
IU, 2, SumParityBool, 3, 138, insert, replace, 
IU, 8, SumParityBool, 1, 158, insert insert insert insert insert insert insert, delete, insert insert, insert, delete delete delete delete delete replace, insert insert insert insert insert replace, insert replace, insert, 
IU, 9, SumParityBool, 2, 162, insert insert insert, replace, replace replace, replace, replace replace, replace, insert, delete delete replace, insert, 
IU, 2, SumParityBool, 2, 172, insert, replace, 
IU, 2, SumParityBool, 3, 173, insert insert insert insert insert, replace, 
IU, 10, SumParityBool, 1, 175, insert insert insert insert insert insert insert insert insert, replace replace replace replace replace, replace replace replace replace, delete insert replace replace, replace replace, replace replace replace replace replace, replace replace replace, replace replace, replace replace replace, delete insert, 
IU, 4, SumParityBool, 4, 181, insert insert insert insert insert insert insert insert insert, delete replace replace, insert replace replace, delete insert insert, 
IU, 4, SumParityBool, 3, 184, insert insert insert insert insert, replace, replace replace, delete delete replace, 
IU, 6, SumParityBool, 3, 185, insert, replace, insert insert insert insert, delete delete delete delete replace, replace, insert, 
IU, 1, SumParityBool, 1, 188, insert insert insert insert insert insert insert insert insert, 
32, 7, SumParityInt, 4, 0, insert insert insert insert insert, insert insert replace replace replace, delete, insert insert, delete, delete delete delete delete replace replace, insert, 
32, 27, SumParityInt, 4, 1, insert insert insert insert insert, replace, insert replace, replace, replace replace, replace, replace replace, replace, replace replace, replace, insert replace replace, replace, replace replace, replace, replace replace, replace, replace replace, replace, insert, replace, delete replace replace replace, replace, insert, replace, insert, replace replace replace replace replace, replace, 
32, 2, SumParityInt, 4, 4, insert insert insert insert insert, delete, 
32, 3, SumParityInt, 4, 6, insert insert insert insert insert, replace replace, insert insert replace, 
32, 5, SumParityInt, 4, 7, insert insert insert insert insert, insert insert replace, replace replace, insert, replace, 
32, 18, SumParityInt, 2, 8, insert insert insert insert insert, replace, insert replace, insert, delete delete delete, replace, replace replace, delete replace, replace, insert, replace, replace replace, replace, replace replace, replace, replace replace, replace, insert replace, 
32, 8, SumParityInt, 4, 11, insert, delete delete delete, insert, delete delete delete replace, replace, insert, delete replace, insert, 
32, 11, SumParityInt, 4, 12, insert insert insert insert insert insert insert insert insert, replace, replace replace replace replace replace, replace replace, replace replace replace replace replace, replace replace replace replace, replace replace replace replace replace, replace replace, replace, replace replace replace replace replace, replace, 
32, 12, SumParityInt, 4, 13, insert insert insert insert insert, replace, insert, replace, delete replace, insert replace, replace, insert, replace, delete replace replace, replace, insert replace, 
32, 6, SumParityInt, 4, 14, insert insert insert, insert, delete delete delete delete delete, delete delete replace, insert, delete replace, 
32, 8, SumParityInt, 4, 16, insert insert insert insert insert, delete delete, insert, insert insert, delete delete replace, insert, delete delete replace, insert, 
32, 12, SumParityInt, 4, 18, insert, insert insert, delete replace, insert, delete replace replace, delete replace, insert, replace replace replace, replace, delete delete replace, replace, insert, 
32, 2, SumParityInt, 4, 19, insert, replace, 
32, 9, SumParityInt, 4, 20, insert insert insert insert insert insert insert, insert insert, insert, delete delete delete delete delete delete delete delete delete delete, insert, delete delete delete delete, replace, insert replace, replace, 
32, 5, SumParityInt, 4, 22, insert, replace, insert replace, replace, insert, 
32, 4, SumParityInt, 4, 36, insert insert insert insert insert, replace, insert, delete replace, 
32, 9, SumParityInt, 3, 38, insert insert insert insert insert, replace, insert, replace, replace replace, replace, insert, replace, delete delete replace, 
32, 14, SumParityInt, 4, 39, insert insert insert insert insert insert insert, insert, delete delete delete replace replace replace replace, delete delete replace, insert replace replace, insert insert, delete delete delete delete replace, insert insert insert insert insert insert insert, delete, delete replace replace replace, insert, delete replace replace, replace replace replace replace, insert, 
32, 4, SumParityInt, 4, 42, insert, replace, insert replace, replace, 
32, 14, SumParityInt, 4, 43, insert insert insert insert insert insert insert insert insert, delete delete delete delete, insert, delete delete delete delete delete delete delete delete delete delete replace, insert, delete delete replace, insert, delete delete replace replace, replace, insert, delete delete delete replace replace, replace, replace replace, replace, 
32, 22, SumParityInt, 4, 46, insert insert insert insert insert insert insert insert insert, delete delete delete delete, replace, insert replace, delete, insert insert, insert, delete delete delete delete delete delete, replace, replace replace, replace, replace replace, replace, replace replace, insert insert insert insert replace, delete, delete delete delete delete replace, insert, delete delete delete replace replace replace replace, insert, delete delete delete replace replace, replace, 
32, 10, SumParityInt, 4, 52, insert insert insert insert insert insert insert, replace, replace replace, replace, replace replace, replace, insert insert replace replace replace replace, replace, replace replace, replace, 
32, 10, SumParityInt, 4, 57, insert insert insert insert insert, insert, replace, delete delete delete, replace, insert replace, insert, delete delete delete delete replace, replace, insert, 
32, 21, SumParityInt, 2, 58, insert, insert insert insert, replace, replace replace, replace replace replace replace, replace, replace replace replace replace, delete, delete delete replace, replace, insert replace, replace, insert insert, replace, delete delete delete replace, replace, insert, replace replace, insert, delete, replace, 
32, 13, SumParityInt, 4, 59, insert, replace, insert replace, replace, insert replace, replace, replace replace replace, replace, insert insert insert insert, delete delete delete delete delete delete replace, insert insert insert, replace replace replace replace, insert insert insert insert, 
32, 9, SumParityInt, 4, 66, insert insert insert insert insert insert insert insert insert, delete, replace, replace replace replace, replace, insert, replace, insert, replace, 
32, 23, SumParityInt, 2, 67, insert insert insert insert insert, replace, replace replace, delete replace replace, replace, replace replace, insert, delete replace replace, replace, delete replace, insert, replace replace, insert, delete replace replace, replace, delete replace replace, replace, replace replace, insert insert replace, replace, replace replace replace, delete delete delete replace, replace, 
32, 10, SumParityInt, 4, 68, insert insert insert insert insert insert insert insert insert insert insert, delete delete delete replace replace, insert, delete delete delete delete delete delete delete delete, delete, insert insert, insert, delete delete, insert replace, insert, 
32, 4, SumParityInt, 4, 69, insert insert insert insert insert insert, replace, insert insert insert insert insert, insert, 
32, 16, SumParityInt, 4, 74, insert insert insert insert insert, insert, replace, replace replace replace replace replace, replace, delete delete delete delete replace, replace, insert replace, replace, insert insert insert replace replace, replace, delete delete, insert, insert replace, insert, replace, 
32, 51, SumParityInt, 2, 75, insert insert insert insert insert insert insert insert insert, delete delete, insert, insert insert, delete delete delete, delete delete, insert, replace replace, delete replace, insert, replace, replace replace, insert insert replace, delete, replace replace replace, replace, insert, insert insert, insert insert insert insert insert insert, delete delete delete delete delete delete delete delete delete delete delete replace replace, insert, replace replace replace replace replace, delete, insert, delete delete delete delete delete replace, replace, insert insert replace, delete, delete replace, replace, insert, replace, delete replace, insert, replace, insert, replace, delete delete delete replace, replace, insert replace, replace replace, delete replace, insert, replace, delete replace, replace, insert insert insert insert replace, replace, delete replace replace replace replace, replace, delete delete delete replace, 
32, 11, SumParityInt, 4, 79, insert, replace, insert insert insert insert replace, delete, delete delete replace, replace, replace replace, replace, insert, delete replace replace replace, replace, 
32, 9, SumParityInt, 2, 85, insert insert insert insert insert insert insert insert insert, replace, delete, insert insert insert, insert, delete delete delete delete delete, replace, insert, replace, 
32, 6, SumParityInt, 4, 88, insert insert insert insert insert insert insert insert insert, delete insert, delete delete delete delete replace, replace, insert replace, replace, 
32, 4, SumParityInt, 4, 89, insert insert insert insert insert insert insert, insert, delete delete delete delete delete delete delete delete delete delete, insert, 
32, 8, SumParityInt, 3, 90, insert, delete delete delete delete, insert, delete delete delete, replace, insert replace, replace, insert, 
IU, 1, SumParityInt, 1, 95, insert insert insert insert insert insert insert insert insert, 
IU, 7, SumParityInt, 2, 105, insert insert insert insert insert insert insert insert insert, delete, delete insert, insert insert, delete delete delete, insert replace replace replace, delete replace replace replace, 
IU, 6, SumParityInt, 2, 106, insert insert insert insert insert insert insert insert insert, delete insert, delete delete insert insert, delete insert, replace replace replace replace replace, replace, 
IU, 13, SumParityInt, 3, 108, insert insert insert, replace, replace replace, replace, replace replace, replace, replace replace, delete replace, insert insert replace, replace replace, replace, delete replace replace, replace, 
IU, 3, SumParityInt, 3, 125, insert insert insert insert insert insert insert insert insert, delete delete replace, replace, 
IU, 8, SumParityInt, 4, 140, insert, insert insert, insert, delete replace replace, delete replace, replace, insert replace, replace, 
IU, 4, SumParityInt, 3, 141, insert insert insert insert insert insert insert, insert, delete delete delete delete, replace replace, 
IU, 2, SumParityInt, 3, 149, insert, replace, 
IU, 11, SumParityInt, 4, 150, insert, delete delete replace, insert insert replace, replace replace, replace, replace replace, replace replace replace, insert replace replace, replace replace replace replace, delete delete delete replace, replace, 
IU, 5, SumParityInt, 3, 151, insert insert insert insert insert, delete replace, replace replace, delete replace, replace, 
IU, 5, SumParityInt, 4, 153, insert insert insert insert insert insert insert insert insert, replace replace replace replace, replace, replace replace, replace, 
IU, 7, SumParityInt, 3, 155, insert insert insert insert insert insert insert insert insert, delete delete delete, replace, insert replace, delete, replace, insert insert, 
IU, 2, SumParityInt, 3, 157, insert, replace, 
IU, 11, SumParityInt, 3, 161, insert, replace, insert, delete replace, replace, insert, replace, replace replace, replace, insert replace, delete delete replace, 
IU, 45, SumParityInt, 3, 166, insert insert insert insert insert insert insert, delete, replace, replace replace, replace, replace replace, insert replace, replace, delete delete replace, insert insert insert replace, replace, delete replace, delete, insert, delete replace, replace, replace replace, replace, insert replace replace, replace, replace replace, replace, replace replace replace, replace, insert replace replace replace, replace, replace replace replace, replace, replace replace replace replace, delete replace replace replace, insert replace replace, delete, replace, insert insert replace, replace, delete delete replace replace replace, replace replace replace, insert, replace replace replace replace, replace replace replace, delete replace replace, replace replace, delete replace replace, insert insert replace replace, replace replace replace replace, 
IU, 13, SumParityInt, 1, 171, insert insert insert, insert, replace, replace replace, replace, delete delete replace, insert, replace, insert replace, insert insert, insert, replace, delete delete delete delete replace replace, 
IU, 9, SumParityInt, 2, 176, insert insert insert insert insert insert insert insert insert, replace, replace replace, replace, replace replace, replace, replace replace, replace, delete delete delete replace, 
IU, 3, SumParityInt, 3, 177, insert insert insert insert insert insert insert insert insert, delete replace replace, insert, 
IU, 5, SumParityInt, 3, 182, insert, insert insert, delete delete delete delete, replace, insert insert insert replace, 
IU, 2, SumParityInt, 2, 187, insert insert insert, insert, 
IU, 2, SumParityInt, 3, 196, insert insert insert insert insert, replace, 
32, 4, SumBetween, 4, 0, insert insert insert, replace, replace replace, replace, 
32, 16, SumBetween, 4, 1, insert insert insert, replace, replace replace, replace, replace replace, replace, replace replace, replace, replace replace, replace, replace replace, replace, replace replace, replace, replace replace, replace, 
32, 9, SumBetween, 4, 2, insert insert insert, replace replace, replace, replace replace, replace, replace replace, replace, replace replace, replace, 
32, 8, SumBetween, 4, 3, insert insert insert, replace, replace replace, replace, replace replace, replace, replace replace, replace, 
32, 11, SumBetween, 4, 5, insert insert insert, replace replace, replace, replace replace, replace, replace replace, replace, replace replace, replace, replace replace, replace, 
32, 5, SumBetween, 2, 6, insert insert insert insert, replace replace, replace, replace replace, replace, 
32, 6, SumBetween, 2, 7, insert insert insert, replace, replace replace, replace, replace replace, replace, 
32, 15, SumBetween, 3, 9, insert insert insert, replace replace, replace, replace replace, replace, replace replace, replace, replace replace, replace, replace replace, replace, replace replace, replace, replace replace, replace, 
32, 4, SumBetween, 3, 10, insert insert insert, replace, replace replace, replace, 
32, 6, SumBetween, 4, 11, insert insert insert, replace, replace replace, replace, replace replace, replace, 
32, 7, SumBetween, 4, 12, insert insert insert, replace, replace replace, replace, replace replace, replace, replace replace, 
32, 8, SumBetween, 4, 14, insert insert insert, replace, replace replace, replace, replace replace, replace, replace replace, replace, 
32, 9, SumBetween, 3, 15, insert insert insert, replace, replace replace, replace, replace replace, replace, replace replace, replace, replace replace, 
32, 14, SumBetween, 4, 16, insert insert insert, replace, replace replace, replace, replace replace, replace, replace replace, replace, replace replace, replace, replace replace, replace, replace replace, replace, 
32, 13, SumBetween, 3, 18, insert insert insert, replace, replace replace, replace, replace replace, replace, replace replace, replace, replace replace, replace, replace replace, replace, replace replace, 
32, 8, SumBetween, 1, 19, insert insert insert, replace, replace replace, replace, replace replace, replace, replace replace, replace, 
32, 8, SumBetween, 3, 20, insert insert insert, replace, replace replace, replace, replace replace, replace, replace replace, replace, 
32, 4, SumBetween, 4, 21, insert insert insert, replace, replace replace, replace, 
32, 13, SumBetween, 2, 23, insert insert insert, replace, replace replace, replace, replace replace, replace, replace replace, replace, replace replace, replace, replace replace, replace, replace replace, 
32, 6, SumBetween, 4, 28, insert insert insert, replace, replace replace, replace, replace replace, replace, 
32, 8, SumBetween, 4, 29, insert insert insert, replace, replace replace, replace, replace replace, replace, replace replace, replace, 
32, 5, SumBetween, 4, 30, insert insert insert, replace replace, replace, replace replace, replace, 
32, 8, SumBetween, 4, 33, insert insert insert, replace, replace replace, replace, replace replace, replace, replace replace, replace, 
32, 12, SumBetween, 4, 35, insert insert insert, replace, replace replace, replace, replace replace, replace, replace replace, replace, replace replace, replace, replace replace, replace, 
32, 11, SumBetween, 4, 36, insert insert insert, replace, replace replace, replace, replace replace, replace, replace replace, replace, replace replace, replace, replace replace, 
32, 4, SumBetween, 4, 37, insert insert insert, replace, replace replace, replace, 
32, 12, SumBetween, 3, 38, insert insert insert, replace, replace replace, replace, replace replace, replace, replace replace, replace, replace replace, replace, replace replace, replace, 
32, 6, SumBetween, 4, 40, insert insert insert insert insert, replace, replace replace, replace, replace replace, replace, 
32, 8, SumBetween, 4, 42, insert insert insert, replace, replace replace, replace, replace replace, replace, replace replace, replace, 
32, 14, SumBetween, 4, 43, insert insert insert, replace, replace replace, replace, replace replace, replace, replace replace, replace, replace replace, replace, replace replace, replace, replace replace, replace, 
32, 5, SumBetween, 3, 45, insert insert insert, replace replace, replace, replace replace, replace, 
32, 11, SumBetween, 4, 46, insert insert insert, replace replace, replace, replace replace, replace, replace replace, replace, replace replace, replace, replace replace, replace, 
32, 8, SumBetween, 1, 48, insert insert insert, replace, replace replace, replace, replace replace, replace, replace replace, replace, 
32, 14, SumBetween, 4, 50, insert insert insert, replace, replace replace, replace, replace replace, replace, replace replace, replace, replace replace, replace, replace replace, replace, replace replace, replace, 
32, 6, SumBetween, 4, 51, insert insert insert, replace, replace replace, replace, replace replace, replace, 
32, 19, SumBetween, 3, 52, insert insert insert, replace replace, replace, replace replace, replace, replace replace, replace, replace replace, replace, replace replace, replace, replace replace, replace, replace replace, replace, replace replace, replace, replace replace, replace, 
32, 10, SumBetween, 4, 53, insert insert insert, replace, replace replace, replace, replace replace, replace, replace replace, replace, replace replace, replace, 
32, 10, SumBetween, 3, 54, insert insert insert, replace, replace replace, replace, replace replace, replace, replace replace, replace, replace replace, replace, 
32, 4, SumBetween, 3, 55, insert insert insert, replace, replace replace, replace, 
32, 5, SumBetween, 2, 56, insert insert insert, replace replace, replace, replace replace, replace, 
32, 4, SumBetween, 2, 58, insert insert insert, replace, replace replace, replace, 
32, 6, SumBetween, 4, 59, insert insert insert, replace, replace replace, replace, replace replace, replace, 
32, 12, SumBetween, 4, 65, insert insert insert, replace, replace replace, replace, replace replace, replace, replace replace, replace, replace replace, replace, replace replace, replace, 
32, 8, SumBetween, 2, 66, insert insert insert, replace replace, replace, replace replace, replace, replace replace, replace, replace replace, 
32, 8, SumBetween, 4, 67, insert insert insert insert, replace, replace replace, replace, replace replace, replace, replace replace, replace, 
32, 5, SumBetween, 3, 68, insert insert insert, replace, replace replace, replace, replace replace, 
32, 10, SumBetween, 2, 69, insert insert insert, replace, replace replace, replace, replace replace, replace, replace replace, replace, replace replace, replace, 
32, 11, SumBetween, 4, 70, insert insert insert, replace replace, replace, replace replace, replace, replace replace, replace, replace replace, replace, replace replace, replace, 
32, 6, SumBetween, 3, 71, insert insert insert, replace, replace replace, replace, replace replace, replace, 
32, 25, SumBetween, 3, 73, insert insert insert, replace replace, replace, replace replace, replace, replace replace, replace, replace replace, replace, replace replace, replace, replace replace, replace, replace replace, replace, replace replace, replace, replace replace, replace, replace replace, replace, replace replace, replace, replace replace, replace, 
32, 10, SumBetween, 2, 74, insert insert insert, replace, replace replace, replace, replace replace, replace, replace replace, replace, replace replace, replace, 
32, 8, SumBetween, 2, 79, insert insert insert, replace, replace replace, replace, replace replace, replace, replace replace, replace, 
32, 8, SumBetween, 4, 80, insert insert insert, replace, replace replace, replace, replace replace, replace, replace replace, replace, 
32, 12, SumBetween, 4, 81, insert insert insert, replace, replace replace, replace, replace replace, replace, replace replace, replace, replace replace, replace, replace replace, replace, 
32, 4, SumBetween, 3, 83, insert insert insert, replace, replace replace, replace, 
32, 10, SumBetween, 4, 84, insert insert insert, replace, replace replace, replace, replace replace, replace, replace replace, replace, replace replace, replace, 
32, 19, SumBetween, 4, 85, insert insert insert, replace, replace replace, replace, replace replace, replace, replace replace, replace, replace replace, replace, replace replace, replace, replace replace, replace, replace replace, replace, replace replace, replace, replace replace, 
32, 12, SumBetween, 4, 86, insert insert insert, replace, replace replace, replace, replace replace, replace, replace replace, replace, replace replace, replace, replace replace, replace, 
32, 6, SumBetween, 4, 87, insert insert insert, replace, replace replace, replace, replace replace, replace, 
32, 9, SumBetween, 3, 88, insert insert insert, replace, replace replace, replace, replace replace, replace, replace replace, replace, replace replace, 
IU, 1, SumBetween, 1, 95, insert insert insert insert insert insert insert, 
IU, 5, SumBetween, 2, 98, insert insert insert insert insert insert insert, replace, replace replace, replace, replace replace, 
IU, 2, SumBetween, 2, 99, insert insert insert insert insert insert insert, replace, 
IU, 14, SumBetween, 3, 103, insert insert insert insert insert insert insert, replace, replace replace, replace, replace replace, replace, replace replace, replace, replace replace, replace, replace replace, replace, replace replace, replace, 
IU, 5, SumBetween, 2, 108, insert insert insert insert insert insert insert, replace, replace replace, replace, replace replace, 
IU, 6, SumBetween, 2, 110, insert insert insert insert insert insert insert insert, replace, replace replace, replace, replace replace, replace, 
IU, 8, SumBetween, 2, 111, insert insert insert insert insert insert insert, replace, replace replace, replace, replace replace, replace, replace replace, replace, 
IU, 10, SumBetween, 3, 114, insert insert insert insert insert insert insert, replace, replace replace, replace, replace replace, replace, replace replace, replace, replace replace, replace, 
IU, 4, SumBetween, 2, 115, insert insert insert insert insert insert insert, replace, replace replace, replace, 
IU, 10, SumBetween, 2, 117, insert insert insert insert insert insert insert, replace, replace replace, replace, replace replace, replace, replace replace, replace, replace replace, replace, 
IU, 3, SumBetween, 1, 119, insert insert insert insert insert insert insert, replace, replace replace, 
IU, 2, SumBetween, 1, 121, insert insert insert insert insert insert insert, replace, 
IU, 4, SumBetween, 2, 125, insert insert insert insert insert insert insert, replace, replace replace, replace, 
IU, 3, SumBetween, 1, 126, insert insert insert insert insert insert insert, replace, replace replace, 
IU, 4, SumBetween, 1, 127, insert insert insert insert insert insert insert, replace, replace replace, replace, 
IU, 1, SumBetween, 1, 138, insert insert insert insert insert insert insert, 
IU, 6, SumBetween, 2, 140, insert insert insert insert insert insert insert, replace, replace replace, replace, replace replace, replace, 
IU, 3, SumBetween, 2, 141, insert insert insert insert insert insert insert, replace replace, replace, 
IU, 4, SumBetween, 2, 149, insert insert insert insert insert insert insert, replace, replace replace, replace, 
IU, 5, SumBetween, 3, 153, insert insert insert insert insert insert insert, replace, replace replace, replace, replace replace, 
IU, 3, SumBetween, 3, 162, insert insert insert insert insert insert insert, replace replace, replace, 
IU, 6, SumBetween, 3, 165, insert insert insert insert insert insert insert, replace, replace replace, replace, replace replace, replace, 
IU, 17, SumBetween, 2, 166, insert insert insert insert insert insert insert, replace, replace replace, replace, replace replace, replace, replace replace, replace, replace replace, replace, replace replace, replace, replace replace, replace, replace replace, replace, replace replace, 
IU, 2, SumBetween, 2, 172, insert insert insert insert insert insert insert, replace, 
IU, 6, SumBetween, 2, 175, insert insert insert insert insert insert insert, replace, replace replace, replace, replace replace, replace, 
IU, 2, SumBetween, 2, 177, insert insert insert insert insert insert insert, replace, 
IU, 8, SumBetween, 2, 181, insert insert insert insert insert insert insert, replace, replace replace, replace, replace replace, replace, replace replace, replace, 
IU, 5, SumBetween, 2, 185, insert insert insert insert insert insert insert, replace replace, replace, replace replace, replace, 
IU, 2, SumBetween, 2, 188, insert insert insert insert insert insert insert, replace replace, 
IU, 4, SumBetween, 3, 194, insert insert insert insert insert insert insert, replace, replace replace, replace, 
32, 5, Induced, 4, 0, insert, replace, insert replace, replace, insert replace replace, 
32, 8, Induced, 4, 1, insert, replace, insert replace, replace, delete replace, insert replace, replace, replace replace, 
32, 13, Induced, 4, 2, insert, insert replace, delete replace, insert insert replace, delete delete, replace, insert insert replace, delete replace replace, delete replace, insert replace, replace, insert replace, replace, 
32, 6, Induced, 4, 3, insert, replace, insert insert replace, delete replace replace, replace, insert insert replace, 
32, 10, Induced, 4, 4, insert, insert replace, replace replace, insert, delete replace, delete, insert replace, delete replace, replace, insert, 
32, 3, Induced, 3, 5, insert, delete, replace, 
32, 4, Induced, 3, 6, insert, replace, insert replace, replace, 
32, 2, Induced, 3, 7, insert, replace, 
32, 11, Induced, 3, 8, insert, replace, insert replace, replace, delete replace, replace, insert, delete replace, insert replace, replace, insert replace replace, 
32, 6, Induced, 4, 9, insert, replace, insert replace, replace, insert insert replace replace, replace replace replace replace, 
32, 6, Induced, 3, 10, insert, replace, insert replace, replace, delete replace, replace, 
32, 5, Induced, 3, 11, insert, replace, insert replace, replace, insert replace, 
32, 8, Induced, 3, 12, insert insert insert, delete delete, replace, insert, delete, replace, insert replace, replace, 
32, 25, Induced, 3, 13, insert, replace, insert replace, insert, delete replace replace, replace, insert replace, insert, delete delete replace, delete, replace, insert, replace, delete, replace, insert, replace, delete, replace, insert replace, replace, delete replace, insert, delete, replace, 
32, 7, Induced, 2, 14, insert, replace, insert, delete, insert, replace replace, replace, 
32, 23, Induced, 4, 15, insert, replace, insert replace, replace, delete replace, insert, replace, insert replace replace, replace, insert, delete delete delete, insert, delete, insert insert, delete, insert, replace, delete, insert replace, delete replace, replace, insert insert replace, delete replace, 
32, 4, Induced, 3, 16, insert, replace, insert replace, replace, 
32, 2, Induced, 4, 18, insert, replace, 
32, 2, Induced, 3, 19, insert, replace, 
32, 3, Induced, 3, 20, insert, replace, insert replace, 
32, 4, Induced, 4, 21, insert, replace, insert replace, replace, 
32, 13, Induced, 3, 22, insert, replace, insert replace, replace, delete, insert replace, replace replace, delete replace, replace, insert replace, delete replace, insert, delete, 
32, 18, Induced, 3, 23, insert, replace, insert replace, replace, delete, replace, insert, insert replace, delete, insert replace, delete, replace, delete replace, replace, insert insert insert, delete delete delete, replace, insert replace, 
32, 43, Induced, 3, 28, insert, replace, insert replace, insert insert, delete delete delete, replace, insert insert insert insert insert replace, delete delete delete delete replace replace, delete, replace, insert insert insert replace, delete, insert replace replace replace, insert, delete delete delete replace, replace replace, delete replace, insert insert insert, insert insert, delete delete delete delete delete replace, replace, insert replace, replace, insert, replace, delete delete replace, insert replace, replace replace, insert insert, replace replace replace, replace replace replace replace, delete delete replace replace, replace replace, replace, insert, delete delete, replace, insert, delete replace, replace, insert replace, replace replace, insert replace, 
32, 4, Induced, 4, 29, insert, replace, insert replace, replace, 
32, 2, Induced, 3, 30, insert, replace, 
32, 5, Induced, 3, 32, insert, replace, insert replace, replace, delete replace, 
32, 3, Induced, 3, 33, insert, replace, insert, 
32, 12, Induced, 4, 35, insert, replace, insert replace, replace, delete replace, replace, insert replace, replace, replace replace, delete, insert replace, replace, 
32, 9, Induced, 4, 36, insert, replace, insert replace, replace, delete replace, insert replace, delete, replace, insert, 
32, 3, Induced, 3, 37, insert, replace, insert replace, 
32, 6, Induced, 4, 38, insert, replace, insert, replace, delete replace, replace, 
32, 17, Induced, 4, 39, insert, delete replace, insert insert replace, delete, replace, insert replace, delete replace, replace, insert replace, delete, replace, insert replace, replace, delete, replace, insert replace, replace replace, 
32, 8, Induced, 3, 40, insert, replace, insert replace, replace, delete replace, replace, insert replace, replace, 
32, 4, Induced, 4, 42, insert, delete, replace, insert replace, 
32, 5, Induced, 3, 45, insert, replace, insert replace, delete, replace, 
32, 14, Induced, 4, 46, insert, replace, insert, delete, replace, insert replace, delete, replace, insert replace, replace, delete replace, replace, insert replace, replace, 
32, 3, Induced, 3, 48, insert, replace, insert replace, 
32, 5, Induced, 4, 50, insert, replace, insert, delete, replace, 
32, 16, Induced, 3, 51, insert, replace, insert insert replace, delete, replace replace, replace, replace replace, insert insert, delete delete, replace, insert, delete, delete replace, replace, insert replace, replace, 
32, 11, Induced, 2, 53, insert, replace, insert replace, delete, replace, insert replace, replace replace, delete, replace, insert replace, delete replace, 
32, 7, Induced, 3, 54, insert, replace, insert, delete, replace, insert replace, replace, 
32, 17, Induced, 4, 55, insert, replace, insert replace, replace, delete replace, replace, insert, delete replace, replace, insert replace, replace, delete replace, replace, insert replace, replace, delete replace, replace, 
32, 2, Induced, 4, 57, insert, replace, 
32, 9, Induced, 3, 58, insert, replace, insert insert, insert replace replace replace, delete delete delete replace, replace, insert replace, delete replace, replace, 
32, 17, Induced, 4, 59, insert, replace, insert replace, delete replace, insert replace, replace, replace replace, replace, replace replace, replace, insert insert, delete delete, insert insert, delete delete, replace, insert replace, replace replace, 
32, 9, Induced, 4, 61, insert, replace, insert replace, delete replace, insert replace, replace, delete replace, insert replace, replace, 
32, 2, Induced, 4, 62, insert, replace, 
32, 6, Induced, 3, 65, insert, replace, insert replace, replace, delete replace, replace, 
32, 7, Induced, 4, 66, insert, replace, insert, replace, replace replace, replace, insert replace, 
32, 6, Induced, 3, 67, insert, replace, insert, delete, replace, insert replace, 
32, 4, Induced, 3, 68, insert, replace, insert replace, replace, 
32, 31, Induced, 3, 69, insert, replace, insert replace, replace, delete replace, insert replace, delete, replace, insert replace, delete replace, insert replace, delete replace, replace, insert replace, delete, replace, insert replace, delete replace, insert replace, delete replace, replace, insert replace, replace, delete, replace, insert replace, replace, replace replace, replace, delete replace, insert, 
32, 5, Induced, 4, 70, insert, replace, insert replace, replace, delete replace, 
32, 13, Induced, 2, 72, insert, replace, insert, delete, insert insert, delete replace, replace, delete replace, insert replace, replace replace, insert replace, replace replace replace, delete replace, 
32, 18, Induced, 3, 73, insert, replace, insert replace, replace, replace replace, replace, delete replace, insert, delete, replace, insert, delete, insert, insert insert, delete delete, replace, delete, replace, 
32, 23, Induced, 4, 74, insert, replace, insert, delete delete delete delete, replace, insert replace, replace, delete replace, insert, delete, replace, insert insert replace, insert replace, delete, delete delete, replace, insert insert replace, replace, replace replace replace, insert replace replace replace, delete delete delete, insert replace, replace, 
32, 7, Induced, 3, 75, insert, replace, insert replace, replace replace, replace, delete replace, replace, 
32, 7, Induced, 3, 76, insert, replace, insert replace, replace, insert replace, delete replace, replace, 
32, 9, Induced, 4, 77, insert insert, delete replace, replace, insert, delete replace, insert, delete delete, replace, insert replace, 
32, 1, Induced, 4, 78, insert, 
32, 7, Induced, 3, 79, insert, replace replace, insert replace, replace, delete delete replace, replace, insert replace, 
32, 7, Induced, 4, 80, insert, replace, insert replace, replace, insert replace, delete replace replace, replace, 
32, 8, Induced, 4, 81, insert, replace, insert replace, replace, insert, delete delete, insert replace, replace, 
32, 2, Induced, 3, 83, insert, replace, 
32, 6, Induced, 2, 84, insert, delete delete replace, replace, insert, delete, replace, 
32, 12, Induced, 2, 85, insert, replace, insert replace, replace, delete replace, insert, replace replace, delete replace, replace, insert, delete, replace, 
32, 3, Induced, 3, 86, insert, replace, insert replace, 
32, 11, Induced, 4, 87, insert, replace, insert insert replace, delete replace replace, replace, replace replace, delete replace, insert, delete replace, replace, insert replace, 
32, 13, Induced, 2, 88, insert, replace, insert replace, replace, delete, replace, insert, delete, replace, insert, delete, replace, insert, 
32, 10, Induced, 4, 89, insert, insert insert insert insert insert, insert insert insert replace replace replace replace, delete delete delete delete delete delete delete delete replace, insert insert replace, delete replace replace, delete replace, replace, insert replace, delete replace, 
32, 3, Induced, 2, 90, insert, replace, insert replace, 
IU, 1, Induced, 1, 95, insert, 
IU, 2, Induced, 1, 96, insert, replace, 
IU, 5, Induced, 2, 97, insert, replace, insert, delete, replace, 
IU, 4, Induced, 1, 98, insert, replace, insert replace, delete replace, 
IU, 2, Induced, 4, 99, insert, replace, 
IU, 3, Induced, 3, 103, insert, replace, insert replace, 
IU, 7, Induced, 1, 105, insert, replace, insert, delete, insert, delete, replace, 
IU, 5, Induced, 4, 106, insert, replace, insert, delete replace, replace, 
IU, 4, Induced, 1, 108, insert, replace, insert, replace replace, 
IU, 4, Induced, 4, 110, insert, replace, insert replace, delete, 
IU, 14, Induced, 3, 111, insert, delete delete, replace, insert replace, insert, delete delete, insert, delete, replace, insert, delete, replace, insert, replace replace, 
IU, 9, Induced, 3, 114, insert, delete replace, replace, insert, delete, replace, insert, delete replace, replace, 
IU, 6, Induced, 1, 115, insert, replace, insert, delete replace, replace, insert replace, 
IU, 9, Induced, 3, 116, insert, replace, insert replace, delete replace, replace, insert replace, replace, delete replace, replace, 
IU, 5, Induced, 4, 117, insert, replace, insert, delete, replace, 
IU, 3, Induced, 1, 119, insert, replace, insert, 
IU, 1, Induced, 1, 120, insert, 
IU, 5, Induced, 3, 127, insert, replace, insert, delete, replace, 
IU, 6, Induced, 4, 132, insert, replace, insert replace, delete, replace, insert replace, 
IU, 7, Induced, 4, 135, insert, replace, insert replace, replace, delete replace, insert replace, replace, 
IU, 2, Induced, 1, 136, insert, replace, 
IU, 9, Induced, 2, 149, insert, insert insert, delete, insert, delete delete, replace, insert replace, delete replace, replace, 
IU, 6, Induced, 3, 150, insert, replace, insert replace, delete replace, replace, insert replace, 
IU, 3, Induced, 3, 151, insert, replace, insert replace, 
IU, 3, Induced, 1, 153, insert, replace, insert replace, 
IU, 7, Induced, 1, 155, insert, replace, insert replace, delete replace, replace, insert replace, delete replace, 
IU, 9, Induced, 3, 165, insert, replace, insert replace, replace, delete replace, replace, insert, delete, replace, 
IU, 3, Induced, 3, 166, insert, delete, replace, 
IU, 4, Induced, 1, 168, insert, replace, insert replace, delete replace, 
IU, 2, Induced, 1, 169, insert insert insert, delete delete replace, 
IU, 5, Induced, 4, 171, insert, replace, insert, delete, replace, 
IU, 2, Induced, 2, 172, insert, replace, 
IU, 5, Induced, 1, 176, insert, replace, insert, delete, replace, 
IU, 4, Induced, 3, 182, insert, insert replace, delete replace, replace, 
IU, 2, Induced, 1, 184, insert, replace, 
IU, 14, Induced, 1, 185, insert, replace, insert replace, replace, replace replace, delete replace, replace, insert, delete, replace, insert replace, delete replace, insert replace, delete, 
IU, 2, Induced, 2, 186, insert, replace, 
IU, 1, Induced, 1, 188, insert, 
IU, 9, Induced, 1, 194, insert, replace, insert, delete, replace, insert replace, delete, replace, insert replace, 
IU, 2, Induced, 4, 196, insert, replace, 
